Numéro,Nom,Type 1,Type 2,PV,Attaque,Défense,Attaque Spéciale,Défense Spéciale,Vitesse,Génération,Région,Évolution
1,Bulbizarre,Plante,Poison,45,49,49,65,65,45,1,Kanto,
2,Herbizarre,Plante,Poison,60,62,63,80,80,60,1,Kanto,Bulbizarre
3,Florizarre,Plante,Poison,80,82,83,100,100,80,1,Kanto,Herbizarre
4,Salamèche,Feu,,39,52,43,60,50,65,1,Kanto,
5,Reptincel,Feu,,58,64,58,80,65,80,1,Kanto,Salamèche
6,Dracaufeu,Feu,Vol,78,84,78,109,85,100,1,Kanto,Reptincel
7,Carapuce,Eau,,44,48,65,50,64,43,1,Kanto,
8,Carabaffe,Eau,,59,63,80,65,80,58,1,Kanto,Carapuce
9,Tortank,Eau,,79,83,100,85,105,78,1,Kanto,Carabaffe
10,Chenipan,Insecte,,45,30,35,20,20,45,1,Kanto,
11,Chrysacier,Insecte,,50,20,55,25,25,30,1,Kanto,Chenipan
12,Papilusion,Insecte,Vol,60,45,50,90,80,70,1,Kanto,Chrysacier
13,Aspicot,Insecte,Poison,40,35,30,20,20,50,1,Kanto,
14,Coconfort,Insecte,Poison,45,25,50,25,25,35,1,Kanto,Aspicot
15,Dardargnan,Insecte,Poison,65,90,40,45,80,75,1,Kanto,Coconfort
16,Roucool,Normal,Vol,40,45,40,35,35,56,1,Kanto,
17,Roucoups,Normal,Vol,63,60,55,50,50,71,1,Kanto,Roucool
18,Roucarnage,Normal,Vol,83,80,75,70,70,101,1,Kanto,Roucoups
19,Rattata,Normal,,30,56,35,25,35,72,1,Kanto,
20,Rattatac,Normal,,55,81,60,50,70,97,1,Kanto,Rattata
21,Piafabec,Normal,Vol,40,60,30,31,31,70,1,Kanto,
22,Rapasdepic,Normal,Vol,65,90,65,61,61,100,1,Kanto,Piafabec
23,Abo,Poison,,35,60,44,40,54,55,1,Kanto,
24,Arbok,Poison,,60,95,69,65,79,80,1,Kanto,Abo
25,Pikachu,Électrik,,35,55,40,50,50,90,1,Kanto,Pichu
26,Raichu,Électrik,,60,90,55,90,80,110,1,Kanto,Pikachu
27,Sabelette,Sol,,50,75,85,20,30,40,1,Kanto,
28,Sablaireau,Sol,,75,100,110,45,55,65,1,Kanto,Sabelette
29,Nidoran♀,Poison,,55,47,52,40,40,41,1,Kanto,
30,Nidorina,Poison,,70,62,67,55,55,56,1,Kanto,Nidoran♀
31,Nidoqueen,Poison,Sol,90,92,87,75,85,76,1,Kanto,Nidorina
32,Nidoran♂,Poison,,46,57,40,40,40,50,1,Kanto,
33,Nidorino,Poison,,61,72,57,55,55,65,1,Kanto,Nidoran♂
34,Nidoking,Poison,Sol,81,102,77,85,75,85,1,Kanto,Nidorino
35,Mélofée,Fée,,70,45,48,60,65,35,1,Kanto,Mélo
36,Mélodelfe,Fée,,95,70,73,95,90,60,1,Kanto,Mélofée
37,Goupix,Feu,,38,41,40,50,65,65,1,Kanto,
38,Feunard,Feu,,73,76,75,81,100,100,1,Kanto,Goupix
39,Rondoudou,Normal,Fée,115,45,20,45,25,20,1,Kanto,Toudoudou
40,Grodoudou,Normal,Fée,140,70,45,85,50,45,1,Kanto,Rondoudou
41,Nosferapti,Poison,Vol,40,45,35,30,40,55,1,Kanto,
42,Nosferalto,Poison,Vol,75,80,70,65,75,90,1,Kanto,Nosferapti
43,Mystherbe,Plante,Poison,45,50,55,75,65,30,1,Kanto,
44,Ortide,Plante,Poison,60,65,70,85,75,40,1,Kanto,Mystherbe
45,Rafflesia,Plante,Poison,75,80,85,110,90,50,1,Kanto,Ortide
46,Paras,Insecte,Plante,35,70,55,45,55,25,1,Kanto,
47,Parasect,Insecte,Plante,60,95,80,60,80,30,1,Kanto,Paras
48,Mimitoss,Insecte,Poison,60,55,50,40,55,45,1,Kanto,
49,Aéromite,Insecte,Poison,70,65,60,90,75,90,1,Kanto,Mimitoss
50,Taupiqueur,Sol,,10,55,25,35,45,95,1,Kanto,
51,Triopikeur,Sol,,35,100,50,50,70,120,1,Kanto,Taupiqueur
52,Miaouss,Normal,,40,45,35,40,40,90,1,Kanto,
53,Persian,Normal,,65,70,60,65,65,115,1,Kanto,Miaouss
54,Psykokwak,Eau,,50,52,48,65,50,55,1,Kanto,
55,Akwakwak,Eau,,80,82,78,95,80,85,1,Kanto,Psykokwak
56,Férosinge,Combat,,40,80,35,35,45,70,1,Kanto,
57,Colossinge,Combat,,65,105,60,60,70,95,1,Kanto,Férosinge
58,Caninos,Feu,,55,70,45,70,50,60,1,Kanto,
59,Arcanin,Feu,,90,110,80,100,80,95,1,Kanto,Caninos
60,Ptitard,Eau,,40,50,40,40,40,90,1,Kanto,
61,Têtarte,Eau,,65,65,65,50,50,90,1,Kanto,Ptitard
62,Tartard,Eau,Combat,90,95,95,70,90,70,1,Kanto,Têtarte
63,Abra,Psy,,25,20,15,105,55,90,1,Kanto,
64,Kadabra,Psy,,40,35,30,120,70,105,1,Kanto,Abra
65,Alakazam,Psy,,55,50,45,135,95,120,1,Kanto,Kadabra
66,Machoc,Combat,,70,80,50,35,35,35,1,Kanto,
67,Machopeur,Combat,,80,100,70,50,60,45,1,Kanto,Machoc
68,Mackogneur,Combat,,90,130,80,65,85,55,1,Kanto,Machopeur
69,Chétiflor,Plante,Poison,50,75,35,70,30,40,1,Kanto,
70,Boustiflor,Plante,Poison,65,90,50,85,45,55,1,Kanto,Chétiflor
71,Empiflor,Plante,Poison,80,105,65,100,70,70,1,Kanto,Boustiflor
72,Tentacool,Eau,Poison,40,40,35,50,100,70,1,Kanto,
73,Tentacruel,Eau,Poison,80,70,65,80,120,100,1,Kanto,Tentacool
74,Racaillou,Roche,Sol,40,80,100,30,30,20,1,Kanto,
75,Gravalanch,Roche,Sol,55,95,115,45,45,35,1,Kanto,Racaillou
76,Grolem,Roche,Sol,80,120,130,55,65,45,1,Kanto,Gravalanch
77,Ponyta,Feu,,50,85,55,65,65,90,1,Kanto,
78,Galopa,Feu,,65,100,70,80,80,105,1,Kanto,Ponyta
79,Ramoloss,Eau,Psy,90,65,65,40,40,15,1,Kanto,
80,Flagadoss,Eau,Psy,95,75,110,100,80,30,1,Kanto,Ramoloss
81,Magnéti,Électrik,Acier,25,35,70,95,55,45,1,Kanto,
82,Magnéton,Électrik,Acier,50,60,95,120,70,70,1,Kanto,Magnéti
83,Canarticho,Normal,Vol,52,90,55,58,62,60,1,Kanto,
84,Doduo,Normal,Vol,35,85,45,35,35,75,1,Kanto,
85,Dodrio,Normal,Vol,60,110,70,60,60,110,1,Kanto,Doduo
86,Otaria,Eau,,65,45,55,45,70,45,1,Kanto,
87,Lamantine,Eau,Glace,90,70,80,70,95,70,1,Kanto,Otaria
88,Tadmorv,Poison,,80,80,50,40,50,25,1,Kanto,
89,Grotadmorv,Poison,,105,105,75,65,100,50,1,Kanto,Tadmorv
90,Kokiyas,Eau,,30,65,100,45,25,40,1,Kanto,
91,Crustabri,Eau,Glace,50,95,180,85,45,70,1,Kanto,Kokiyas
92,Fantominus,Spectre,Poison,30,35,30,100,35,80,1,Kanto,
93,Spectrum,Spectre,Poison,45,50,45,115,55,95,1,Kanto,Fantominus
94,Ectoplasma,Spectre,Poison,60,65,60,130,75,110,1,Kanto,Spectrum
95,Onix,Roche,Sol,35,45,160,30,45,70,1,Kanto,
96,Soporifik,Psy,,60,48,45,43,90,42,1,Kanto,
97,Hypnomade,Psy,,85,73,70,73,115,67,1,Kanto,Soporifik
98,Krabby,Eau,,30,105,90,25,25,50,1,Kanto,
99,Krabboss,Eau,,55,130,115,50,50,75,1,Kanto,Krabby
100,Voltorbe,Électrik,,40,30,50,55,55,100,1,Kanto,
101,Électrode,Électrik,,60,50,70,80,80,150,1,Kanto,Voltorbe
102,Noeunoeuf,Plante,Psy,60,40,80,60,45,40,1,Kanto,
103,Noadkoko,Plante,Psy,95,95,85,125,75,55,1,Kanto,Noeunoeuf
104,Osselait,Sol,,50,50,95,40,50,35,1,Kanto,
105,Ossatueur,Sol,,60,80,110,50,80,45,1,Kanto,Osselait
106,Kicklee,Combat,,50,120,53,35,110,87,1,Kanto,Debugant
107,Tygnon,Combat,,50,105,79,35,110,76,1,Kanto,Debugant
108,Excelangue,Normal,,90,55,75,60,75,30,1,Kanto,
109,Smogo,Poison,,40,65,95,60,45,35,1,Kanto,
110,Smogogo,Poison,,65,90,120,85,70,60,1,Kanto,Smogo
111,Rhinocorne,Sol,Roche,80,85,95,30,30,25,1,Kanto,
112,Rhinoféros,Sol,Roche,105,130,120,45,45,40,1,Kanto,Rhinocorne
113,Leveinard,Normal,,250,5,5,35,105,50,1,Kanto,Ptiravi
114,Saquedeneu,Plante,,65,55,115,100,40,60,1,Kanto,
115,Kangourex,Normal,,105,95,80,40,80,90,1,Kanto,
116,Hypotrempe,Eau,,30,40,70,70,25,60,1,Kanto,
117,Hypocéan,Eau,,55,65,95,95,45,85,1,Kanto,Hypotrempe
118,Poissirène,Eau,,45,67,60,35,50,63,1,Kanto,
119,Poissoroy,Eau,,80,92,65,65,80,68,1,Kanto,Poissirène
120,Stari,Eau,,30,45,55,70,55,85,1,Kanto,
121,Staross,Eau,Psy,60,75,85,100,85,115,1,Kanto,Stari
122,M. Mime,Psy,Fée,40,45,65,100,120,90,1,Kanto,Mime Jr.
123,Insécateur,Insecte,Vol,70,110,80,55,80,105,1,Kanto,
124,Lippoutou,Glace,Psy,65,50,35,115,95,95,1,Kanto,Lippouti
125,Élektek,Électrik,,65,83,57,95,85,105,1,Kanto,Élekid
126,Magmar,Feu,,65,95,57,100,85,93,1,Kanto,Magby
127,Scarabrute,Insecte,,65,125,100,55,70,85,1,Kanto,
128,Tauros,Normal,,75,100,95,40,70,110,1,Kanto,
129,Magicarpe,Eau,,20,10,55,15,20,80,1,Kanto,
130,Léviator,Eau,Vol,95,125,79,60,100,81,1,Kanto,Magicarpe
131,Lokhlass,Eau,Glace,130,85,80,85,95,60,1,Kanto,
132,Métamorph,Normal,,48,48,48,48,48,48,1,Kanto,
133,Évoli,Normal,,55,55,50,45,65,55,1,Kanto,
134,Aquali,Eau,,130,65,60,110,95,65,1,Kanto,Évoli
135,Voltali,Électrik,,65,65,60,110,95,130,1,Kanto,Évoli
136,Pyroli,Feu,,65,130,60,95,110,65,1,Kanto,Évoli
137,Porygon,Normal,,65,60,70,85,75,40,1,Kanto,
138,Amonita,Roche,Eau,35,40,100,90,55,35,1,Kanto,
139,Amonistar,Roche,Eau,70,60,125,115,70,55,1,Kanto,Amonita
140,Kabuto,Roche,Eau,30,80,90,55,45,55,1,Kanto,
141,Kabutops,Roche,Eau,60,115,105,65,70,80,1,Kanto,Kabuto
142,Ptéra,Roche,Vol,80,105,65,60,75,130,1,Kanto,
143,Ronflex,Normal,,160,110,65,65,110,30,1,Kanto,Goinfrex
144,Artikodin,Glace,Vol,90,85,100,95,125,85,1,Kanto,
145,Électhor,Électrik,Vol,90,90,85,125,90,100,1,Kanto,
146,Sulfura,Feu,Vol,90,100,90,125,85,90,1,Kanto,
147,Minidraco,Dragon,,41,64,45,50,50,50,1,Kanto,
148,Draco,Dragon,,61,84,65,70,70,70,1,Kanto,Minidraco
149,Dracolosse,Dragon,Vol,91,134,95,100,100,80,1,Kanto,Draco
150,Mewtwo,Psy,,106,110,90,154,90,130,1,Kanto,
151,Mew,Psy,,100,100,100,100,100,100,1,Kanto,
152,Germignon,Plante,,45,49,65,49,65,45,2,Johto,
153,Macronium,Plante,,60,62,80,63,80,60,2,Johto,Germignon
154,Méganium,Plante,,80,82,100,83,100,80,2,Johto,Macronium
155,Héricendre,Feu,,39,52,43,60,50,65,2,Johto,
156,Feurisson,Feu,,58,64,58,80,65,80,2,Johto,Héricendre
157,Typhlosion,Feu,,78,84,78,109,85,100,2,Johto,Feurisson
158,Kaiminus,Eau,,50,65,64,44,48,43,2,Johto,
159,Crocrodil,Eau,,65,80,80,59,63,58,2,Johto,Kaiminus
160,Aligatueur,Eau,,85,105,100,79,83,78,2,Johto,Crocrodil
161,Fouinette,Normal,,35,46,34,35,45,20,2,Johto,
162,Fouinar,Normal,,85,76,64,45,55,90,2,Johto,Fouinette
163,Hoothoot,Normal,Vol,60,30,30,36,56,50,2,Johto,
164,Noarfang,Normal,Vol,100,50,50,86,96,70,2,Johto,Hoothoot
165,Coxy,Insecte,Vol,40,20,30,40,80,55,2,Johto,
166,Coxyclaque,Insecte,Vol,55,35,50,55,110,85,2,Johto,Coxy
167,Mimigal,Insecte,Poison,40,60,40,40,40,30,2,Johto,
168,Migalos,Insecte,Poison,70,90,70,60,70,40,2,Johto,Mimigal
169,Nostenfer,Poison,Vol,85,90,80,70,80,130,2,Johto,Nosferalto
170,Loupio,Eau,Électrik,75,38,38,56,56,67,2,Johto,
171,Lanturn,Eau,Électrik,125,58,58,76,76,67,2,Johto,Loupio
172,Pichu,Électrik,,20,40,15,35,35,60,2,Johto,
173,Mélo,Fée,,50,25,28,45,55,15,2,Johto,
174,Toudoudou,Normal,Fée,90,30,15,40,20,15,2,Johto,
175,Togepi,Fée,,35,20,65,40,65,20,2,Johto,
176,Togetic,Fée,Vol,55,40,85,80,105,40,2,Johto,Togepi
177,Natu,Psy,Vol,40,50,45,70,45,70,2,Johto,
178,Xatu,Psy,Vol,65,75,70,95,70,95,2,Johto,Natu
179,Wattouat,Électrik,,55,40,40,65,45,35,2,Johto,
180,Lainergie,Électrik,,70,55,55,80,60,45,2,Johto,Wattouat
181,Pharamp,Électrik,,90,75,85,115,90,55,2,Johto,Lainergie
182,Joliflor,Plante,,75,80,95,90,100,50,2,Johto,Ortide
183,Marill,Eau,Fée,70,20,50,20,50,40,2,Johto,Azurill
184,Azumarill,Eau,Fée,100,50,80,60,80,50,2,Johto,Marill
185,Simularbre,Roche,,70,100,115,30,65,30,2,Johto,Manzaï
186,Tarpaud,Eau,,90,75,75,90,100,70,2,Johto,Têtarte
187,Granivol,Plante,Vol,35,35,40,35,55,50,2,Johto,
188,Floravol,Plante,Vol,55,45,50,45,65,80,2,Johto,Granivol
189,Cotovol,Plante,Vol,75,55,70,55,95,110,2,Johto,Floravol
190,Capumain,Normal,,55,70,55,40,55,85,2,Johto,
191,Tournegrin,Plante,,30,30,30,30,30,30,2,Johto,
192,Héliatronc,Plante,,75,75,55,105,85,30,2,Johto,Tournegrin
193,Yanma,Insecte,Vol,65,65,45,75,45,95,2,Johto,
194,Axoloto,Eau,Sol,55,45,45,25,25,15,2,Johto,
195,Maraiste,Eau,Sol,95,85,85,65,65,35,2,Johto,Axoloto
196,Mentali,Psy,,65,65,60,130,95,110,2,Johto,Évoli
197,Noctali,Ténèbres,,95,65,110,60,130,65,2,Johto,Évoli
198,Cornèbre,Ténèbres,Vol,60,85,42,85,42,91,2,Johto,
199,Roigada,Eau,Psy,95,75,80,100,110,30,2,Johto,Ramoloss
200,Feuforêve,Spectre,,60,60,60,85,85,85,2,Johto,
201,Zarbi,Psy,,48,72,48,72,48,48,2,Johto,
202,Qulbutoké,Psy,,190,33,58,33,58,33,2,Johto,Okéoké
203,Girafarig,Normal,Psy,70,80,65,90,65,85,2,Johto,
204,Pomdepik,Insecte,,50,65,90,35,35,15,2,Johto,
205,Foretress,Insecte,Acier,75,90,140,60,60,40,2,Johto,Pomdepik
206,Insolourdo,Normal,,100,70,70,65,65,45,2,Johto,
207,Scorplane,Sol,Vol,65,75,105,35,65,85,2,Johto,
208,Steelix,Acier,Sol,75,85,200,55,65,30,2,Johto,Onix
209,Snubbull,Fée,,60,80,50,40,40,30,2,Johto,
210,Granbull,Fée,,90,120,75,60,60,45,2,Johto,Snubbull
211,Qwilfish,Eau,Poison,65,95,85,55,55,85,2,Johto,
212,Cizayox,Insecte,Acier,70,130,100,55,80,65,2,Johto,Insécateur
213,Caratroc,Insecte,Roche,20,10,230,10,230,5,2,Johto,
214,Scarhino,Insecte,Combat,80,125,75,40,95,85,2,Johto,
215,Farfuret,Ténèbres,Glace,55,95,55,35,75,115,2,Johto,
216,Teddiursa,Normal,,60,80,50,50,50,40,2,Johto,
217,Ursaring,Normal,,90,130,75,75,75,55,2,Johto,Teddiursa
218,Limagma,Feu,,40,40,40,70,40,20,2,Johto,
219,Volcaropod,Feu,Roche,60,50,120,90,80,30,2,Johto,Limagma
220,Marcacrin,Glace,Sol,50,50,40,30,30,50,2,Johto,
221,Cochignon,Glace,Sol,100,100,80,60,60,50,2,Johto,Marcacrin
222,Corayon,Eau,Roche,65,55,95,65,95,35,2,Johto,
223,Rémoraid,Eau,,35,65,35,65,35,65,2,Johto,
224,Octillery,Eau,,75,105,75,105,75,45,2,Johto,Rémoraid
225,Cadoizo,Glace,Vol,45,55,45,65,45,75,2,Johto,
226,Démanta,Eau,Vol,85,40,70,80,140,70,2,Johto,Babimanta
227,Airmure,Acier,Vol,65,80,140,40,70,70,2,Johto,
228,Malosse,Ténèbres,Feu,45,60,30,80,50,65,2,Johto,
229,Démolosse,Ténèbres,Feu,75,90,50,110,80,95,2,Johto,Malosse
230,Hyporoi,Eau,Dragon,75,95,95,95,95,85,2,Johto,Hypocéan
231,Phanpy,Sol,,90,60,60,40,40,40,2,Johto,
232,Donphan,Sol,,90,120,120,60,60,50,2,Johto,Phanpy
233,Porygon2,Normal,,85,80,90,105,95,60,2,Johto,Porygon
234,Cerfrousse,Normal,,73,95,62,85,65,85,2,Johto,
235,Queulorior,Normal,,55,20,35,20,45,75,2,Johto,
236,Debugant,Combat,,35,35,35,35,35,35,2,Johto,
237,Kapoera,Combat,,50,95,95,35,110,70,2,Johto,Debugant
238,Lippouti,Glace,Psy,45,30,15,85,65,65,2,Johto,
239,Élekid,Électrik,,45,63,37,65,55,95,2,Johto,
240,Magby,Feu,,45,75,37,70,55,83,2,Johto,
241,Écrémeuh,Normal,,95,80,105,40,70,100,2,Johto,
242,Leuphorie,Normal,,255,10,10,75,135,55,2,Johto,Leveinard
243,Raikou,Électrik,,90,85,75,115,100,115,2,Johto,
244,Entei,Feu,,115,115,85,90,75,100,2,Johto,
245,Suicune,Eau,,100,75,115,90,115,85,2,Johto,
246,Embrylex,Roche,Sol,50,64,50,45,50,41,2,Johto,
247,Ymphect,Roche,Sol,70,84,70,65,70,51,2,Johto,Embrylex
248,Tyranocif,Roche,Ténèbres,100,134,110,95,100,61,2,Johto,Ymphect
249,Lugia,Psy,Vol,106,90,130,90,154,110,2,Johto,
250,Ho-Oh,Feu,Vol,106,130,90,110,154,90,2,Johto,
251,Celebi,Psy,Plante,100,100,100,100,100,100,2,Johto,
252,Arcko,Plante,,40,45,35,65,55,70,3,Hoenn,
253,Massko,Plante,,50,65,45,85,65,95,3,Hoenn,Arcko
254,Jungko,Plante,,70,85,65,105,85,120,3,Hoenn,Massko
255,Poussifeu,Feu,,45,60,40,70,50,45,3,Hoenn,
256,Galifeu,Feu,Combat,60,85,60,85,60,55,3,Hoenn,Poussifeu
257,Braségali,Feu,Combat,80,120,70,110,70,80,3,Hoenn,Galifeu
258,Gobou,Eau,,50,70,50,50,50,40,3,Hoenn,
259,Flobio,Eau,Sol,70,85,70,60,70,50,3,Hoenn,Gobou
260,Laggron,Eau,Sol,100,110,90,85,90,60,3,Hoenn,Flobio
261,Medhyèna,Ténèbres,,35,55,35,30,30,35,3,Hoenn,
262,Grahyèna,Ténèbres,,70,90,70,60,60,70,3,Hoenn,Medhyèna
263,Zigzaton,Normal,,38,30,41,30,41,60,3,Hoenn,
264,Linéon,Normal,,78,70,61,50,61,100,3,Hoenn,Zigzaton
265,Chenipotte,Insecte,,45,45,35,20,30,20,3,Hoenn,
266,Armulys,Insecte,,50,35,55,25,25,15,3,Hoenn,Chenipotte
267,Charmillon,Insecte,Vol,60,70,50,100,50,65,3,Hoenn,Armulys
268,Blindalys,Insecte,,50,35,55,25,25,15,3,Hoenn,Chenipotte
269,Papinox,Insecte,Poison,60,50,70,50,90,65,3,Hoenn,Blindalys
270,Nénupiot,Eau,Plante,40,30,30,40,50,30,3,Hoenn,
271,Lombre,Eau,Plante,60,50,50,60,70,50,3,Hoenn,Nénupiot
272,Ludicolo,Eau,Plante,80,70,70,90,100,70,3,Hoenn,Lombre
273,Grainipiot,Plante,,40,40,50,30,30,30,3,Hoenn,
274,Pifeuil,Plante,Ténèbres,70,70,40,60,40,60,3,Hoenn,Grainipiot
275,Tengalice,Plante,Ténèbres,90,100,60,90,60,80,3,Hoenn,Pifeuil
276,Nirondelle,Normal,Vol,40,55,30,30,30,85,3,Hoenn,
277,Hélédelle,Normal,Vol,60,85,60,75,50,125,3,Hoenn,Nirondelle
278,Goélise,Eau,Vol,40,30,30,55,30,85,3,Hoenn,
279,Bekipan,Eau,Vol,60,50,100,95,70,65,3,Hoenn,Goélise
280,Tarsal,Psy,Fée,28,25,25,45,35,40,3,Hoenn,
281,Kirlia,Psy,Fée,38,35,35,65,55,50,3,Hoenn,Tarsal
282,Gardevoir,Psy,Fée,68,65,65,125,115,80,3,Hoenn,Kirlia
283,Arakdo,Insecte,Eau,40,30,32,50,52,65,3,Hoenn,
284,Maskadra,Insecte,Vol,70,60,62,100,82,80,3,Hoenn,Arakdo
285,Balignon,Plante,,60,40,60,40,60,35,3,Hoenn,
286,Chapignon,Plante,Combat,60,130,80,60,60,70,3,Hoenn,Balignon
287,Parecool,Normal,,60,60,60,35,35,30,3,Hoenn,
288,Vigoroth,Normal,,80,80,80,55,55,90,3,Hoenn,Parecool
289,Monaflèmit,Normal,,150,160,100,95,65,100,3,Hoenn,Vigoroth
290,Ningale,Insecte,Sol,31,45,90,30,30,40,3,Hoenn,
291,Ninjask,Insecte,Vol,61,90,45,50,50,160,3,Hoenn,Ningale
292,Munja,Insecte,Spectre,1,90,45,30,30,40,3,Hoenn,Ningale
293,Chuchmur,Normal,,64,51,23,51,23,28,3,Hoenn,
294,Ramboum,Normal,,84,71,43,71,43,48,3,Hoenn,Chuchmur
295,Brouhabam,Normal,,104,91,63,91,73,68,3,Hoenn,Ramboum
296,Makuhita,Combat,,72,60,30,20,30,25,3,Hoenn,
297,Hariyama,Combat,,144,120,60,40,60,50,3,Hoenn,Makuhita
298,Azurill,Normal,Fée,50,20,40,20,40,20,3,Hoenn,
299,Tarinor,Roche,,30,45,135,45,90,30,3,Hoenn,
300,Skitty,Normal,,50,45,45,35,35,50,3,Hoenn,
301,Delcatty,Normal,,70,65,65,55,55,90,3,Hoenn,Skitty
302,Ténéfix,Ténèbres,Spectre,50,75,75,65,65,50,3,Hoenn,
303,Mysdibule,Acier,Fée,50,85,85,55,55,50,3,Hoenn,
304,Galekid,Acier,Roche,50,70,100,40,40,30,3,Hoenn,
305,Galegon,Acier,Roche,60,90,140,50,50,40,3,Hoenn,Galekid
306,Galeking,Acier,Roche,70,110,180,60,60,50,3,Hoenn,Galegon
307,Méditikka,Combat,Psy,30,40,55,40,55,60,3,Hoenn,
308,Charmina,Combat,Psy,60,60,75,60,75,80,3,Hoenn,Méditikka
309,Dynavolt,Électrik,,40,45,40,65,40,65,3,Hoenn,
310,Élecsprint,Électrik,,70,75,60,105,60,105,3,Hoenn,Dynavolt
311,Posipi,Électrik,,60,50,40,85,75,95,3,Hoenn,
312,Négapi,Électrik,,60,40,50,75,85,95,3,Hoenn,
313,Muciole,Insecte,,65,73,75,47,85,85,3,Hoenn,
314,Lumivole,Insecte,,65,47,75,73,85,85,3,Hoenn,
315,Rosélia,Plante,Poison,50,60,45,100,80,65,3,Hoenn,Rozbouton
316,Gloupti,Poison,,70,43,53,43,53,40,3,Hoenn,
317,Avaltout,Poison,,100,73,83,73,83,55,3,Hoenn,Gloupti
318,Carvanha,Eau,Ténèbres,45,90,20,65,20,65,3,Hoenn,
319,Sharpedo,Eau,Ténèbres,70,120,40,95,40,95,3,Hoenn,Carvanha
320,Wailmer,Eau,,130,70,35,70,35,60,3,Hoenn,
321,Wailord,Eau,,170,90,45,90,45,60,3,Hoenn,Wailmer
322,Chamallot,Feu,Sol,60,60,40,65,45,35,3,Hoenn,
323,Camérupt,Feu,Sol,70,100,70,105,75,40,3,Hoenn,Chamallot
324,Chartor,Feu,,70,85,140,85,70,20,3,Hoenn,
325,Spoink,Psy,,60,25,35,70,80,60,3,Hoenn,
326,Groret,Psy,,80,45,65,90,110,80,3,Hoenn,Spoink
327,Spinda,Normal,,60,60,60,60,60,60,3,Hoenn,
328,Kraknoix,Sol,,45,100,45,45,45,10,3,Hoenn,
329,Vibraninf,Sol,Dragon,50,70,50,50,50,70,3,Hoenn,Kraknoix
330,Libégon,Sol,Dragon,80,100,80,80,80,100,3,Hoenn,Vibraninf
331,Cacnea,Plante,,50,85,40,85,40,35,3,Hoenn,
332,Cacturne,Plante,Ténèbres,70,115,60,115,60,55,3,Hoenn,Cacnea
333,Tylton,Normal,Vol,45,40,60,40,75,50,3,Hoenn,
334,Altaria,Dragon,Vol,75,70,90,70,105,80,3,Hoenn,Tylton
335,Mangriff,Normal,,73,115,60,60,60,90,3,Hoenn,
336,Séviper,Poison,,73,100,60,100,60,65,3,Hoenn,
337,Séléroc,Roche,Psy,90,55,65,95,85,70,3,Hoenn,
338,Solaroc,Roche,Psy,90,95,85,55,65,70,3,Hoenn,
339,Barloche,Eau,Sol,50,48,43,46,41,60,3,Hoenn,
340,Barbicha,Eau,Sol,110,78,73,76,71,60,3,Hoenn,Barloche
341,Écrapince,Eau,,43,80,65,50,35,35,3,Hoenn,
342,Colhomard,Eau,Ténèbres,63,120,85,90,55,55,3,Hoenn,Écrapince
343,Balbuto,Sol,Psy,40,40,55,40,70,55,3,Hoenn,
344,Kaorine,Sol,Psy,60,70,105,70,120,75,3,Hoenn,Balbuto
345,Lilia,Roche,Plante,66,41,77,61,87,23,3,Hoenn,
346,Vacilys,Roche,Plante,86,81,97,81,107,43,3,Hoenn,Lilia
347,Anorith,Roche,Insecte,45,95,50,40,50,75,3,Hoenn,
348,Armaldo,Roche,Insecte,75,125,100,70,80,45,3,Hoenn,Anorith
349,Barpau,Eau,,20,15,20,10,55,80,3,Hoenn,
350,Milobellus,Eau,,95,60,79,100,125,81,3,Hoenn,Barpau
351,Morphéo,Normal,,70,70,70,70,70,70,3,Hoenn,
352,Kecleon,Normal,,60,90,70,60,120,40,3,Hoenn,
353,Polichombr,Spectre,,44,75,35,63,33,45,3,Hoenn,
354,Branette,Spectre,,64,115,65,83,63,65,3,Hoenn,Polichombr
355,Skelénox,Spectre,,20,40,90,30,90,25,3,Hoenn,
356,Téraclope,Spectre,,40,70,130,60,130,25,3,Hoenn,Skelénox
357,Tropius,Plante,Vol,99,68,83,72,87,51,3,Hoenn,
358,Éoko,Psy,,75,50,80,95,90,65,3,Hoenn,Korillon
359,Absol,Ténèbres,,65,130,60,75,60,75,3,Hoenn,
360,Okéoké,Psy,,95,23,48,23,48,23,3,Hoenn,
361,Stalgamin,Glace,,50,50,50,50,50,50,3,Hoenn,
362,Oniglali,Glace,,80,80,80,80,80,80,3,Hoenn,Stalgamin
363,Obalie,Glace,Eau,70,40,50,55,50,25,3,Hoenn,
364,Phogleur,Glace,Eau,90,60,70,75,70,45,3,Hoenn,Obalie
365,Kaimorse,Glace,Eau,110,80,90,95,90,65,3,Hoenn,Phogleur
366,Coquiperl,Eau,,35,64,85,74,55,32,3,Hoenn,
367,Serpang,Eau,,55,104,105,94,75,52,3,Hoenn,Coquiperl
368,Rosabyss,Eau,,55,84,105,114,75,52,3,Hoenn,Coquiperl
369,Relicanth,Eau,Roche,100,90,130,45,65,55,3,Hoenn,
370,Lovdisc,Eau,,43,30,55,40,65,97,3,Hoenn,
371,Draby,Dragon,,45,75,60,40,30,50,3,Hoenn,
372,Drackhaus,Dragon,,65,95,100,60,50,50,3,Hoenn,Draby
373,Drattak,Dragon,Vol,95,135,80,110,80,100,3,Hoenn,Drackhaus
374,Terhal,Acier,Psy,40,55,80,35,60,30,3,Hoenn,
375,Métang,Acier,Psy,60,75,100,55,80,50,3,Hoenn,Terhal
376,Métalosse,Acier,Psy,80,135,130,95,90,70,3,Hoenn,Métang
377,Regirock,Roche,,80,100,200,50,100,50,3,Hoenn,
378,Regice,Glace,,80,50,100,100,200,50,3,Hoenn,
379,Registeel,Acier,,80,75,150,75,150,50,3,Hoenn,
380,Latias,Dragon,Psy,80,80,90,110,130,110,3,Hoenn,
381,Latios,Dragon,Psy,80,90,80,130,110,110,3,Hoenn,
382,Kyogre,Eau,,100,100,90,150,140,90,3,Hoenn,
383,Groudon,Sol,,100,150,140,100,90,90,3,Hoenn,
384,Rayquaza,Dragon,Vol,105,150,90,150,90,95,3,Hoenn,
385,Jirachi,Acier,Psy,100,100,100,100,100,100,3,Hoenn,
386,Deoxys,Psy,,50,150,50,150,50,150,3,Hoenn,
387,Tortipouss,Plante,,55,68,64,45,55,31,4,Sinnoh,
388,Boskara,Plante,,75,89,85,55,65,36,4,Sinnoh,Tortipouss
389,Torterra,Plante,Sol,95,109,105,75,85,56,4,Sinnoh,Boskara
390,Ouisticram,Feu,,44,58,44,58,44,61,4,Sinnoh,
391,Chimpenfeu,Feu,Combat,64,78,52,78,52,81,4,Sinnoh,Ouisticram
392,Simiabraz,Feu,Combat,76,104,71,104,71,108,4,Sinnoh,Chimpenfeu
393,Tiplouf,Eau,,53,51,53,61,56,40,4,Sinnoh,
394,Prinplouf,Eau,,64,66,68,81,76,50,4,Sinnoh,Tiplouf
395,Pingoléon,Eau,Acier,84,86,88,111,101,60,4,Sinnoh,Prinplouf
396,Étourmi,Normal,Vol,40,55,30,30,30,60,4,Sinnoh,
397,Étourvol,Normal,Vol,55,75,50,40,40,80,4,Sinnoh,Étourmi
398,Étouraptor,Normal,Vol,85,120,70,50,60,100,4,Sinnoh,Étourvol
399,Keunotor,Normal,,59,45,40,35,40,31,4,Sinnoh,
400,Castorno,Normal,Eau,79,85,60,55,60,71,4,Sinnoh,Keunotor
401,Crikzik,Insecte,,37,25,41,25,41,25,4,Sinnoh,
402,Mélokrik,Insecte,,77,85,51,55,51,65,4,Sinnoh,Crikzik
403,Lixy,Électrik,,45,65,34,40,34,45,4,Sinnoh,
404,Luxio,Électrik,,60,85,49,60,49,60,4,Sinnoh,Lixy
405,Luxray,Électrik,,80,120,79,95,79,70,4,Sinnoh,Luxio
406,Rozbouton,Plante,Poison,40,30,35,50,70,55,4,Sinnoh,
407,Roserade,Plante,Poison,60,70,65,125,105,90,4,Sinnoh,Rosélia
408,Kranidos,Roche,,67,125,40,30,30,58,4,Sinnoh,
409,Charkos,Roche,,97,165,60,65,50,58,4,Sinnoh,Kranidos
410,Dinoclier,Roche,Acier,30,42,118,42,88,30,4,Sinnoh,
411,Bastiodon,Roche,Acier,60,52,168,47,138,30,4,Sinnoh,Dinoclier
412,Cheniti,Insecte,,40,29,45,29,45,36,4,Sinnoh,
413,Cheniselle,Insecte,Plante,60,59,85,79,105,36,4,Sinnoh,Cheniti
414,Papilord,Insecte,Vol,70,94,50,94,50,66,4,Sinnoh,Cheniti
415,Apitrini,Insecte,Vol,30,30,42,30,42,70,4,Sinnoh,
416,Apireine,Insecte,Vol,70,80,102,80,102,40,4,Sinnoh,Apitrini
417,Pachirisu,Électrik,,60,45,70,45,90,95,4,Sinnoh,
418,Mustébouée,Eau,,55,65,35,60,30,85,4,Sinnoh,
419,Mustéflott,Eau,,85,105,55,85,50,115,4,Sinnoh,Mustébouée
420,Ceribou,Plante,,45,35,45,62,53,35,4,Sinnoh,
421,Ceriflor,Plante,,70,60,70,87,78,85,4,Sinnoh,Ceribou
422,Sancoki,Eau,,76,48,48,57,62,34,4,Sinnoh,
423,Tritosor,Eau,Sol,111,83,68,92,82,39,4,Sinnoh,Sancoki
424,Capidextre,Normal,,75,100,66,60,66,115,4,Sinnoh,Capumain
425,Baudrive,Spectre,Vol,90,50,34,60,44,70,4,Sinnoh,
426,Grodrive,Spectre,Vol,150,80,44,90,54,80,4,Sinnoh,Baudrive
427,Laporeille,Normal,,55,66,44,44,56,85,4,Sinnoh,
428,Lockpin,Normal,,65,76,84,54,96,105,4,Sinnoh,Laporeille
429,Magirêve,Spectre,,60,60,60,105,105,105,4,Sinnoh,Feuforêve
430,Corboss,Ténèbres,Vol,100,125,52,105,52,71,4,Sinnoh,Cornèbre
431,Chaglam,Normal,,49,55,42,42,37,85,4,Sinnoh,
432,Chaffreux,Normal,,71,82,64,64,59,112,4,Sinnoh,Chaglam
433,Korillon,Psy,,45,30,50,65,50,45,4,Sinnoh,
434,Moufouette,Poison,Ténèbres,63,63,47,41,41,74,4,Sinnoh,
435,Moufflair,Poison,Ténèbres,103,93,67,71,61,84,4,Sinnoh,Moufouette
436,Archéomire,Acier,Psy,57,24,86,24,86,23,4,Sinnoh,
437,Archéodong,Acier,Psy,67,89,116,79,116,33,4,Sinnoh,Archéomire
438,Manzaï,Roche,,50,80,95,10,45,10,4,Sinnoh,
439,Mime Jr.,Psy,Fée,20,25,45,70,90,60,4,Sinnoh,
440,Ptiravi,Normal,,100,5,5,15,65,30,4,Sinnoh,
441,Pijako,Normal,Vol,76,65,45,92,42,91,4,Sinnoh,
442,Spiritomb,Spectre,Ténèbres,50,92,108,92,108,35,4,Sinnoh,
443,Griknot,Dragon,Sol,58,70,45,40,45,42,4,Sinnoh,
444,Carmache,Dragon,Sol,68,90,65,50,55,82,4,Sinnoh,Griknot
445,Carchacrok,Dragon,Sol,108,130,95,80,85,102,4,Sinnoh,Carmache
446,Goinfrex,Normal,,135,85,40,40,85,5,4,Sinnoh,
447,Riolu,Combat,,40,70,40,35,40,60,4,Sinnoh,
448,Lucario,Combat,Acier,70,110,70,115,70,90,4,Sinnoh,Riolu
449,Hippopotas,Sol,,68,72,78,38,42,32,4,Sinnoh,
450,Hippodocus,Sol,,108,112,118,68,72,47,4,Sinnoh,Hippopotas
451,Rapion,Poison,Insecte,40,50,90,30,55,65,4,Sinnoh,
452,Drascore,Poison,Ténèbres,70,90,110,60,75,95,4,Sinnoh,Rapion
453,Cradopaud,Poison,Combat,48,61,40,61,40,50,4,Sinnoh,
454,Coatox,Poison,Combat,83,106,65,86,65,85,4,Sinnoh,Cradopaud
455,Vortente,Plante,,74,100,72,90,72,46,4,Sinnoh,
456,Écayon,Eau,,49,49,56,49,61,66,4,Sinnoh,
457,Luminéon,Eau,,69,69,76,69,86,91,4,Sinnoh,Écayon
458,Babimanta,Eau,Vol,45,20,50,60,120,50,4,Sinnoh,
459,Blizzi,Plante,Glace,60,62,50,62,60,40,4,Sinnoh,
460,Blizzaroi,Plante,Glace,90,92,75,92,85,60,4,Sinnoh,Blizzi
461,Dimoret,Ténèbres,Glace,70,120,65,45,85,125,4,Sinnoh,Farfuret
462,Magnézone,Électrik,Acier,70,70,115,130,90,60,4,Sinnoh,Magnéton
463,Coudlangue,Normal,,110,85,95,80,95,50,4,Sinnoh,Excelangue
464,Rhinastoc,Sol,Roche,115,140,130,55,55,40,4,Sinnoh,Rhinoféros
465,Bouldeneu,Plante,,100,100,125,110,50,50,4,Sinnoh,Saquedeneu
466,Élekable,Électrik,,75,123,67,95,85,95,4,Sinnoh,Élektek
467,Maganon,Feu,,75,95,67,125,95,83,4,Sinnoh,Magmar
468,Togekiss,Fée,Vol,85,50,95,120,115,80,4,Sinnoh,Togetic
469,Yanmega,Insecte,Vol,86,76,86,116,56,95,4,Sinnoh,Yanma
470,Phyllali,Plante,,65,110,130,60,65,95,4,Sinnoh,Évoli
471,Givrali,Glace,,65,60,110,130,95,65,4,Sinnoh,Évoli
472,Scorvol,Sol,Vol,75,95,125,45,75,95,4,Sinnoh,Scorplane
473,Mammochon,Glace,Sol,110,130,80,70,60,80,4,Sinnoh,Cochignon
474,Porygon-Z,Normal,,85,80,70,135,75,90,4,Sinnoh,Porygon2
475,Gallame,Psy,Combat,68,125,65,65,115,80,4,Sinnoh,Kirlia
476,Tarinorme,Roche,Acier,60,55,145,75,150,40,4,Sinnoh,Tarinor
477,Noctunoir,Spectre,,45,100,135,65,135,45,4,Sinnoh,Téraclope
478,Momartik,Glace,Spectre,70,80,70,80,70,110,4,Sinnoh,Stalgamin
479,Motisma,Électrik,Spectre,50,50,77,95,77,91,4,Sinnoh,
480,Créhelf,Psy,,75,75,130,75,130,95,4,Sinnoh,
481,Créfollet,Psy,,80,105,105,105,105,80,4,Sinnoh,
482,Créfadet,Psy,,75,125,70,125,70,115,4,Sinnoh,
483,Dialga,Acier,Dragon,100,120,120,150,100,90,4,Sinnoh,
484,Palkia,Eau,Dragon,90,120,100,150,120,100,4,Sinnoh,
485,Heatran,Feu,Acier,91,90,106,130,106,77,4,Sinnoh,
486,Regigigas,Normal,,110,160,110,80,110,100,4,Sinnoh,
487,Giratina,Spectre,Dragon,150,100,120,100,120,90,4,Sinnoh,
488,Cresselia,Psy,,120,70,110,75,120,85,4,Sinnoh,
489,Phione,Eau,,80,80,80,80,80,80,4,Sinnoh,
490,Manaphy,Eau,,100,100,100,100,100,100,4,Sinnoh,
491,Darkrai,Ténèbres,,70,90,90,135,90,125,4,Sinnoh,
492,Shaymin,Plante,,100,100,100,100,100,100,4,Sinnoh,
493,Arceus,Normal,,120,120,120,120,120,120,4,Sinnoh,
494,Victini,Psy,Feu,100,100,100,100,100,100,5,Unys,
495,Vipélierre,Plante,,45,45,55,45,55,63,5,Unys,
496,Lianaja,Plante,,60,60,75,60,75,83,5,Unys,Vipélierre
497,Majaspic,Plante,,75,75,95,75,95,113,5,Unys,Lianaja
498,Gruikui,Feu,,65,63,45,45,45,45,5,Unys,
499,Grotichon,Feu,Combat,90,93,55,70,55,55,5,Unys,Gruikui
500,Roitiflam,Feu,Combat,110,123,65,100,65,65,5,Unys,Grotichon
501,Moustillon,Eau,,55,55,45,63,45,45,5,Unys,
502,Mateloutre,Eau,,75,75,60,83,60,60,5,Unys,Moustillon
503,Clamiral,Eau,,95,100,85,108,70,70,5,Unys,Mateloutre
504,Ratentif,Normal,,45,55,39,35,39,42,5,Unys,
505,Miradar,Normal,,60,85,69,60,69,77,5,Unys,Ratentif
506,Ponchiot,Normal,,45,60,45,25,45,55,5,Unys,
507,Ponchien,Normal,,65,80,65,35,65,60,5,Unys,Ponchiot
508,Mastouffe,Normal,,85,110,90,45,90,80,5,Unys,Ponchien
509,Chacripan,Ténèbres,,41,50,37,50,37,66,5,Unys,
510,Léopardus,Ténèbres,,64,88,50,88,50,106,5,Unys,Chacripan
511,Feuillajou,Plante,,50,53,48,53,48,64,5,Unys,
512,Feuiloutan,Plante,,75,98,63,98,63,101,5,Unys,Feuillajou
513,Flamajou,Feu,,50,53,48,53,48,64,5,Unys,
514,Flamoutan,Feu,,75,98,63,98,63,101,5,Unys,Flamajou
515,Flotajou,Eau,,50,53,48,53,48,64,5,Unys,
516,Flotoutan,Eau,,75,98,63,98,63,101,5,Unys,Flotajou
517,Munna,Psy,,76,25,45,67,55,24,5,Unys,
518,Mushana,Psy,,116,55,85,107,95,29,5,Unys,Munna
519,Poichigeon,Normal,Vol,50,55,50,36,30,43,5,Unys,
520,Colombeau,Normal,Vol,62,77,62,50,42,65,5,Unys,Poichigeon
521,Déflaisan,Normal,Vol,80,115,80,65,55,93,5,Unys,Colombeau
522,Zébibron,Électrik,,45,60,32,50,32,76,5,Unys,
523,Zéblitz,Électrik,,75,100,63,80,63,116,5,Unys,Zébibron
524,Nodulithe,Roche,,55,75,85,25,25,15,5,Unys,
525,Géolithe,Roche,,70,105,105,50,40,20,5,Unys,Nodulithe
526,Gigalithe,Roche,,85,135,130,60,80,25,5,Unys,Géolithe
527,Chovsourir,Psy,Vol,65,45,43,55,43,72,5,Unys,
528,Rhinolove,Psy,Vol,67,57,55,77,55,114,5,Unys,Chovsourir
529,Rototaupe,Sol,,60,85,40,30,45,68,5,Unys,
530,Minotaupe,Sol,Acier,110,135,60,50,65,88,5,Unys,Rototaupe
531,Nanméouïe,Normal,,103,60,86,60,86,50,5,Unys,
532,Charpenti,Combat,,75,80,55,25,35,35,5,Unys,
533,Ouvrifier,Combat,,85,105,85,40,50,40,5,Unys,Charpenti
534,Bétochef,Combat,,105,140,95,55,65,45,5,Unys,Ouvrifier
535,Tritonde,Eau,,50,50,40,50,40,64,5,Unys,
536,Batracné,Eau,Sol,75,65,55,65,55,69,5,Unys,Tritonde
537,Crapustule,Eau,Sol,105,95,75,85,75,74,5,Unys,Batracné
538,Judokrak,Combat,,120,100,85,30,85,45,5,Unys,
539,Karaclée,Combat,,75,125,75,30,75,85,5,Unys,
540,Larveyette,Insecte,Plante,45,53,70,40,60,42,5,Unys,
541,Couverdure,Insecte,Plante,55,63,90,50,80,42,5,Unys,Larveyette
542,Manternel,Insecte,Plante,75,103,80,70,80,92,5,Unys,Couverdure
543,Venipatte,Insecte,Poison,30,45,59,30,39,57,5,Unys,
544,Scobolide,Insecte,Poison,40,55,99,40,79,47,5,Unys,Venipatte
545,Brutapode,Insecte,Poison,60,100,89,55,69,112,5,Unys,Scobolide
546,Doudouvet,Plante,Fée,40,27,60,37,50,66,5,Unys,
547,Farfaduvet,Plante,Fée,60,67,85,77,75,116,5,Unys,Doudouvet
548,Chlorobule,Plante,,45,35,50,70,50,30,5,Unys,
549,Fragilady,Plante,,70,60,75,110,75,90,5,Unys,Chlorobule
550,Bargantua,Eau,,70,92,65,80,55,98,5,Unys,
551,Mascaïman,Sol,Ténèbres,50,72,35,35,35,65,5,Unys,
552,Escroco,Sol,Ténèbres,60,82,45,45,45,74,5,Unys,Mascaïman
553,Crocorible,Sol,Ténèbres,95,117,80,65,70,92,5,Unys,Escroco
554,Darumarond,Feu,,70,90,45,15,45,50,5,Unys,
555,Darumacho,Feu,,105,140,55,30,55,95,5,Unys,Darumarond
556,Maracachi,Plante,,75,86,67,106,67,60,5,Unys,
557,Crabicoque,Insecte,Roche,50,65,85,35,35,55,5,Unys,
558,Crabaraque,Insecte,Roche,70,105,125,65,75,45,5,Unys,Crabicoque
559,Baggiguane,Ténèbres,Combat,50,75,70,35,70,48,5,Unys,
560,Baggaïd,Ténèbres,Combat,65,90,115,45,115,58,5,Unys,Baggiguane
561,Cryptéro,Psy,Vol,72,58,80,103,80,97,5,Unys,
562,Tutafeh,Spectre,,38,30,85,55,65,30,5,Unys,
563,Tutankafer,Spectre,,58,50,145,95,105,30,5,Unys,Tutafeh
564,Carapagos,Eau,Roche,54,78,103,53,45,22,5,Unys,
565,Mégapagos,Eau,Roche,74,108,133,83,65,32,5,Unys,Carapagos
566,Arkéapti,Roche,Vol,55,112,45,74,45,70,5,Unys,
567,Aéroptéryx,Roche,Vol,75,140,65,112,65,110,5,Unys,Arkéapti
568,Miamiasme,Poison,,50,50,62,40,62,65,5,Unys,
569,Miasmax,Poison,,80,95,82,60,82,75,5,Unys,Miamiasme
570,Zorua,Ténèbres,,40,65,40,80,40,65,5,Unys,
571,Zoroark,Ténèbres,,60,105,60,120,60,105,5,Unys,Zorua
572,Chinchidou,Normal,,55,50,40,40,40,75,5,Unys,
573,Pashmilla,Normal,,75,95,60,65,60,115,5,Unys,Chinchidou
574,Scrutella,Psy,,45,30,50,55,65,45,5,Unys,
575,Mesmérella,Psy,,60,45,70,75,85,55,5,Unys,Scrutella
576,Sidérella,Psy,,70,55,95,95,110,65,5,Unys,Mesmérella
577,Nucléos,Psy,,45,30,40,105,50,20,5,Unys,
578,Méios,Psy,,65,40,50,125,60,30,5,Unys,Nucléos
579,Symbios,Psy,,110,65,75,125,85,30,5,Unys,Méios
580,Couaneton,Eau,Vol,62,44,50,44,50,55,5,Unys,
581,Lakmécygne,Eau,Vol,75,87,63,87,63,98,5,Unys,Couaneton
582,Sorbébé,Glace,,36,50,50,65,60,44,5,Unys,
583,Sorboul,Glace,,51,65,65,80,75,59,5,Unys,Sorbébé
584,Sorbouboul,Glace,,71,95,85,110,95,79,5,Unys,Sorboul
585,Vivaldaim,Normal,Plante,60,60,50,40,50,75,5,Unys,
586,Haydaim,Normal,Plante,80,100,70,60,70,95,5,Unys,Vivaldaim
587,Emolga,Électrik,Vol,55,75,60,75,60,103,5,Unys,
588,Carabing,Insecte,,50,75,45,40,45,60,5,Unys,
589,Lançargot,Insecte,Acier,70,135,105,60,105,20,5,Unys,Carabing
590,Trompignon,Plante,Poison,69,55,45,55,55,15,5,Unys,
591,Gaulet,Plante,Poison,114,85,70,85,80,30,5,Unys,Trompignon
592,Viskuse,Eau,Spectre,55,40,50,65,85,40,5,Unys,
593,Moyade,Eau,Spectre,100,60,70,85,105,60,5,Unys,Viskuse
594,Mamanbo,Eau,,165,75,80,40,45,65,5,Unys,
595,Statitik,Insecte,Électrik,50,47,50,57,50,65,5,Unys,
596,Mygavolt,Insecte,Électrik,70,77,60,97,60,108,5,Unys,Statitik
597,Grindur,Plante,Acier,44,50,91,24,86,10,5,Unys,
598,Noacier,Plante,Acier,74,94,131,54,116,20,5,Unys,Grindur
599,Tic,Acier,,40,55,70,45,60,30,5,Unys,
600,Clic,Acier,,60,80,95,70,85,50,5,Unys,Tic
601,Cliticlic,Acier,,60,100,115,70,85,90,5,Unys,Clic
602,Anchwatt,Électrik,,35,55,40,45,40,60,5,Unys,
603,Lampéroie,Électrik,,65,85,70,75,70,40,5,Unys,Anchwatt
604,Ohmassacre,Électrik,,85,115,80,105,80,50,5,Unys,Lampéroie
605,Lewsor,Psy,,55,55,55,85,55,30,5,Unys,
606,Neitram,Psy,,75,75,75,125,95,40,5,Unys,Lewsor
607,Funécire,Spectre,Feu,50,30,55,65,55,20,5,Unys,
608,Mélancolux,Spectre,Feu,60,40,60,95,60,55,5,Unys,Funécire
609,Lugulabre,Spectre,Feu,60,55,90,145,90,80,5,Unys,Mélancolux
610,Coupenotte,Dragon,,46,87,60,30,40,57,5,Unys,
611,Incisache,Dragon,,66,117,70,40,50,67,5,Unys,Coupenotte
612,Tranchodon,Dragon,,76,147,90,60,70,97,5,Unys,Incisache
613,Polarhume,Glace,,55,70,40,60,40,40,5,Unys,
614,Polagriffe,Glace,,95,130,80,70,80,50,5,Unys,Polarhume
615,Hexagel,Glace,,80,50,50,95,135,105,5,Unys,
616,Escargaume,Insecte,,50,40,85,40,65,25,5,Unys,
617,Limaspeed,Insecte,,80,70,40,100,60,145,5,Unys,Escargaume
618,Limonde,Sol,Électrik,109,66,84,81,99,32,5,Unys,
619,Kungfouine,Combat,,45,85,50,55,50,65,5,Unys,
620,Shaofouine,Combat,,65,125,60,95,60,105,5,Unys,Kungfouine
621,Drakkarmin,Dragon,,77,120,90,60,90,48,5,Unys,
622,Gringolem,Sol,Spectre,59,74,50,35,50,35,5,Unys,
623,Golemastoc,Sol,Spectre,89,124,80,55,80,55,5,Unys,Gringolem
624,Scalpion,Ténèbres,Acier,45,85,70,40,40,60,5,Unys,
625,Scalproie,Ténèbres,Acier,65,125,100,60,70,70,5,Unys,Scalpion
626,Frison,Normal,,95,110,95,40,95,55,5,Unys,
627,Furaiglon,Normal,Vol,70,83,50,37,50,60,5,Unys,
628,Gueriaigle,Normal,Vol,100,123,75,57,75,80,5,Unys,Furaiglon
629,Vostourno,Ténèbres,Vol,70,55,75,45,65,60,5,Unys,
630,Vaututrice,Ténèbres,Vol,110,65,105,55,95,80,5,Unys,Vostourno
631,Aflamanoir,Feu,,85,97,66,105,66,65,5,Unys,
632,Fermite,Insecte,Acier,58,109,112,48,48,109,5,Unys,
633,Solochi,Ténèbres,Dragon,52,65,50,45,50,38,5,Unys,
634,Diamat,Ténèbres,Dragon,72,85,70,65,70,58,5,Unys,Solochi
635,Trioxhydre,Ténèbres,Dragon,92,105,90,125,90,98,5,Unys,Diamat
636,Pyronille,Insecte,Feu,55,85,55,50,55,60,5,Unys,
637,Pyrax,Insecte,Feu,85,60,65,135,105,100,5,Unys,Pyronille
638,Cobaltium,Acier,Combat,91,90,129,90,72,108,5,Unys,
639,Terrakium,Roche,Combat,91,129,90,72,90,108,5,Unys,
640,Viridium,Plante,Combat,91,90,72,90,129,108,5,Unys,
641,Boréas,Vol,,79,115,70,125,80,111,5,Unys,
642,Fulguris,Électrik,Vol,79,115,70,125,80,111,5,Unys,
643,Reshiram,Dragon,Feu,100,120,100,150,120,90,5,Unys,
644,Zekrom,Dragon,Électrik,100,150,120,120,100,90,5,Unys,
645,Démétéros,Sol,Vol,89,125,90,115,80,101,5,Unys,
646,Kyurem,Dragon,Glace,125,130,90,130,90,95,5,Unys,
647,Keldeo,Eau,Combat,91,72,90,129,90,108,5,Unys,
648,Meloetta,Normal,Psy,100,77,77,128,128,90,5,Unys,
649,Genesect,Insecte,Acier,71,120,95,120,95,99,5,Unys,
650,Marisson,Plante,,56,61,65,48,45,38,6,Kalos,
651,Boguérisse,Plante,,61,78,95,56,58,57,6,Kalos,Marisson
652,Blindépique,Plante,Combat,88,107,122,74,75,64,6,Kalos,Boguérisse
653,Feunnec,Feu,,40,45,40,62,60,60,6,Kalos,
654,Roussil,Feu,,59,59,58,90,70,73,6,Kalos,Feunnec
655,Goupelin,Feu,Psy,75,69,72,114,100,104,6,Kalos,Roussil
656,Grenousse,Eau,,41,56,40,62,44,71,6,Kalos,
657,Croâporal,Eau,,54,63,52,83,56,97,6,Kalos,Grenousse
658,Amphinobi,Eau,Ténèbres,72,95,67,103,71,122,6,Kalos,Croâporal
659,Sapereau,Normal,,38,36,38,32,36,57,6,Kalos,
660,Excavarenne,Normal,Sol,85,56,77,50,77,78,6,Kalos,Sapereau
661,Passerouge,Normal,Vol,45,50,43,40,38,62,6,Kalos,
662,Braisillon,Feu,Vol,62,73,55,56,52,84,6,Kalos,Passerouge
663,Flambusard,Feu,Vol,78,81,71,74,69,126,6,Kalos,Braisillon
664,Lépidonille,Insecte,,38,35,40,27,25,35,6,Kalos,
665,Pérégrain,Insecte,,45,22,60,27,30,29,6,Kalos,Lépidonille
666,Prismillon,Insecte,Vol,80,52,50,90,50,89,6,Kalos,Pérégrain
667,Hélionceau,Feu,Normal,62,50,58,73,54,72,6,Kalos,
668,Némélios,Feu,Normal,86,68,72,109,66,106,6,Kalos,Hélionceau
669,Flabébé,Fée,,44,38,39,61,79,42,6,Kalos,
670,Floette,Fée,,54,45,47,75,98,52,6,Kalos,Flabébé
671,Florges,Fée,,78,65,68,112,154,75,6,Kalos,Floette
672,Cabriolaine,Plante,,66,65,48,62,57,52,6,Kalos,
673,Chevroum,Plante,,123,100,62,97,81,68,6,Kalos,Cabriolaine
674,Pandespiègle,Combat,,67,82,62,46,48,43,6,Kalos,
675,Pandarbare,Combat,Ténèbres,95,124,78,69,71,58,6,Kalos,Pandespiègle
676,Couafarel,Normal,,75,80,60,65,90,102,6,Kalos,
677,Psystigri,Psy,,62,48,54,63,60,68,6,Kalos,
678,Mistigrix,Psy,,74,48,76,83,81,104,6,Kalos,Psystigri
679,Monorpale,Acier,Spectre,45,80,100,35,37,28,6,Kalos,
680,Dimoclès,Acier,Spectre,59,110,150,45,49,35,6,Kalos,Monorpale
681,Exagide,Acier,Spectre,60,50,140,50,140,60,6,Kalos,Dimoclès
682,Fluvetin,Fée,,78,52,60,63,65,23,6,Kalos,
683,Cocotine,Fée,,101,72,72,99,89,29,6,Kalos,Fluvetin
684,Sucroquin,Fée,,62,48,66,59,57,49,6,Kalos,
685,Cupcanaille,Fée,,82,80,86,85,75,72,6,Kalos,Sucroquin
686,Sepiatop,Ténèbres,Psy,53,54,53,37,46,45,6,Kalos,
687,Sepiatroce,Ténèbres,Psy,86,92,88,68,75,73,6,Kalos,Sepiatop
688,Opermine,Roche,Eau,42,52,67,39,56,50,6,Kalos,
689,Golgopathe,Roche,Eau,72,105,115,54,86,68,6,Kalos,Opermine
690,Venalgue,Poison,Eau,50,60,60,60,60,30,6,Kalos,
691,Kravarech,Poison,Dragon,65,75,90,97,123,44,6,Kalos,Venalgue
692,Flingouste,Eau,,50,53,62,58,63,44,6,Kalos,
693,Gamblast,Eau,,71,73,88,120,89,59,6,Kalos,Flingouste
694,Galvaran,Électrik,Normal,44,38,33,61,43,70,6,Kalos,
695,Iguolta,Électrik,Normal,62,55,52,109,94,109,6,Kalos,Galvaran
696,Ptyranidur,Roche,Dragon,58,89,77,45,45,48,6,Kalos,
697,Rexillius,Roche,Dragon,82,121,119,69,59,71,6,Kalos,Ptyranidur
698,Amagara,Roche,Glace,77,59,50,67,63,46,6,Kalos,
699,Dragmara,Roche,Glace,123,77,72,99,92,58,6,Kalos,Amagara
700,Nymphali,Fée,,95,65,65,110,130,60,6,Kalos,Évoli
701,Brutalibré,Combat,Vol,78,92,75,74,63,118,6,Kalos,
702,Dedenne,Électrik,Fée,67,58,57,81,67,101,6,Kalos,
703,Strassie,Roche,Fée,50,50,150,50,150,50,6,Kalos,
704,Mucuscule,Dragon,,45,50,35,55,75,40,6,Kalos,
705,Colimucus,Dragon,,68,75,53,83,113,60,6,Kalos,Mucuscule
706,Muplodocus,Dragon,,90,100,70,110,150,80,6,Kalos,Colimucus
707,Trousselin,Acier,Fée,57,80,91,80,87,75,6,Kalos,
708,Brocélôme,Spectre,Plante,43,70,48,50,60,38,6,Kalos,
709,Desséliande,Spectre,Plante,85,110,76,65,82,56,6,Kalos,Brocélôme
710,Pitrouille,Spectre,Plante,49,66,70,44,55,51,6,Kalos,
711,Banshitrouye,Spectre,Plante,65,90,122,58,75,84,6,Kalos,Pitrouille
712,Grelaçon,Glace,,55,69,85,32,35,28,6,Kalos,
713,Séracrawl,Glace,,95,117,184,44,46,28,6,Kalos,Grelaçon
714,Sonistrelle,Vol,Dragon,40,30,35,45,40,55,6,Kalos,
715,Bruyverne,Vol,Dragon,85,70,80,97,80,123,6,Kalos,Sonistrelle
716,Xerneas,Fée,,126,131,95,131,98,99,6,Kalos,
717,Yveltal,Ténèbres,Vol,126,131,95,131,98,99,6,Kalos,
718,Zygarde,Dragon,Sol,108,100,121,81,95,95,6,Kalos,
719,Diancie,Roche,Fée,50,100,150,100,150,50,6,Kalos,
720,Hoopa,Psy,Spectre,80,110,60,150,130,70,6,Kalos,
721,Volcanion,Feu,Eau,80,110,120,130,90,70,6,Kalos,
722,Brindibou,Plante,Vol,68,55,55,50,50,42,7,Alola,
723,Efflèche,Plante,Vol,78,75,75,70,70,52,7,Alola,Brindibou
724,Archéduc,Plante,Spectre,78,107,75,100,100,70,7,Alola,Efflèche
725,Flamiaou,Feu,,45,65,40,60,40,70,7,Alola,
726,Matoufeu,Feu,,65,85,50,80,50,90,7,Alola,Flamiaou
727,Félinferno,Feu,Ténèbres,95,115,90,80,90,60,7,Alola,Matoufeu
728,Otaquin,Eau,,50,54,54,66,56,40,7,Alola,
729,Otarlette,Eau,,60,69,69,91,81,50,7,Alola,Otaquin
730,Oratoria,Eau,Fée,80,74,74,126,116,60,7,Alola,Otarlette
731,Picassaut,Normal,Vol,35,75,30,30,30,65,7,Alola,
732,Piclairon,Normal,Vol,55,85,50,40,50,75,7,Alola,Picassaut
733,Bazoucan,Normal,Vol,80,120,75,75,75,60,7,Alola,Piclairon
734,Manglouton,Normal,,48,70,30,30,30,45,7,Alola,
735,Argouste,Normal,,88,110,60,55,60,45,7,Alola,Manglouton
736,Larvibule,Insecte,,47,62,45,55,45,46,7,Alola,
737,Chrysapile,Insecte,Électrik,57,82,95,55,75,36,7,Alola,Larvibule
738,Lucanon,Insecte,Électrik,77,70,90,145,75,43,7,Alola,Chrysapile
739,Crabagarre,Combat,,47,82,57,42,47,63,7,Alola,
740,Crabominable,Combat,Glace,97,132,77,62,67,43,7,Alola,Crabagarre
741,Plumeline,Feu,Vol,75,70,70,98,70,93,7,Alola,
742,Bombydou,Insecte,Fée,40,45,40,55,40,84,7,Alola,
743,Rubombelle,Insecte,Fée,60,55,60,95,70,124,7,Alola,Bombydou
744,Rocabot,Roche,,45,65,40,30,40,60,7,Alola,
745,Lougaroc,Roche,,75,115,65,55,65,112,7,Alola,Rocabot
746,Froussardine,Eau,,45,20,20,25,25,40,7,Alola,
747,Vorastérie,Poison,Eau,50,53,62,43,52,45,7,Alola,
748,Prédastérie,Poison,Eau,50,63,152,53,142,35,7,Alola,Vorastérie
749,Tiboudet,Sol,,70,100,70,45,55,45,7,Alola,
750,Bourrinos,Sol,,100,125,100,55,85,35,7,Alola,Tiboudet
751,Araqua,Eau,Insecte,38,40,52,40,72,27,7,Alola,
752,Tarenbulle,Eau,Insecte,68,70,92,50,132,42,7,Alola,Araqua
753,Mimantis,Plante,,40,55,35,50,35,35,7,Alola,
754,Floramantis,Plante,,70,105,90,80,90,45,7,Alola,Mimantis
755,Spododo,Plante,Fée,40,35,55,65,75,15,7,Alola,
756,Lampignon,Plante,Fée,60,45,80,90,100,30,7,Alola,Spododo
757,Tritox,Poison,Feu,48,44,40,71,40,77,7,Alola,
758,Malamandre,Poison,Feu,68,64,60,111,60,117,7,Alola,Tritox
759,Nounourson,Normal,Combat,70,75,50,45,50,50,7,Alola,
760,Chelours,Normal,Combat,120,125,80,55,60,60,7,Alola,Nounourson
761,Croquine,Plante,,42,30,38,30,38,32,7,Alola,
762,Candine,Plante,,52,40,48,40,48,62,7,Alola,Croquine
763,Sucreine,Plante,,72,120,98,50,98,72,7,Alola,Candine
764,Guérilande,Fée,,51,52,90,82,110,100,7,Alola,
765,Gouroutan,Normal,Psy,90,60,80,90,110,60,7,Alola,
766,Quartermac,Combat,,100,120,90,40,60,80,7,Alola,
767,Sovkipou,Insecte,Eau,25,35,40,20,30,80,7,Alola,
768,Sarmuraï,Insecte,Eau,75,125,140,60,90,40,7,Alola,Sovkipou
769,Bacabouh,Spectre,Sol,55,55,80,70,45,15,7,Alola,
770,Trépassable,Spectre,Sol,85,75,110,100,75,35,7,Alola,Bacabouh
771,Concombaffe,Eau,,55,60,130,30,130,5,7,Alola,
772,Type:0,Normal,,95,95,95,95,95,59,7,Alola,
773,Silvallié,Normal,,95,95,95,95,95,95,7,Alola,Type:0
774,Météno,Roche,Vol,60,60,100,60,100,60,7,Alola,
775,Dodoala,Normal,,65,115,65,75,95,65,7,Alola,
776,Boumata,Feu,Dragon,60,78,135,91,85,36,7,Alola,
777,Togedemaru,Électrik,Acier,65,98,63,40,73,96,7,Alola,
778,Mimiqui,Spectre,Fée,55,90,80,50,105,96,7,Alola,
779,Denticrisse,Eau,Psy,68,105,70,70,70,92,7,Alola,
780,Draïeul,Normal,Dragon,78,60,85,135,91,36,7,Alola,
781,Sinistrail,Spectre,Plante,70,131,100,86,90,40,7,Alola,
782,Bébécaille,Dragon,,45,55,65,45,45,45,7,Alola,
783,Écaïd,Dragon,Combat,55,75,90,65,70,65,7,Alola,Bébécaille
784,Ékaïser,Dragon,Combat,75,110,125,100,105,85,7,Alola,Écaïd
785,Tokorico,Électrik,Fée,70,115,85,95,75,130,7,Alola,
786,Tokopiyon,Psy,Fée,70,85,75,130,115,95,7,Alola,
787,Tokotoro,Plante,Fée,70,130,115,85,95,75,7,Alola,
788,Tokopisco,Eau,Fée,70,75,115,95,130,85,7,Alola,
789,Cosmog,Psy,,43,29,31,29,31,37,7,Alola,
790,Cosmovum,Psy,,43,29,131,29,131,37,7,Alola,Cosmog
791,Solgaleo,Psy,Acier,137,137,107,113,89,97,7,Alola,Cosmovum
792,Lunala,Psy,Spectre,137,113,89,137,107,97,7,Alola,Cosmovum
793,Zéroïd,Roche,Poison,109,53,47,127,131,103,7,Alola,
794,Mouscoto,Insecte,Combat,107,139,139,53,53,79,7,Alola,
795,Cancrelove,Insecte,Combat,71,137,37,137,37,151,7,Alola,
796,Câblifère,Électrik,,83,89,71,173,71,83,7,Alola,
797,Bamboiselle,Acier,Vol,97,101,103,107,101,61,7,Alola,
798,Katagami,Plante,Acier,59,181,131,59,31,109,7,Alola,
799,Engloutyran,Ténèbres,Dragon,223,101,53,97,53,43,7,Alola,
800,Necrozma,Psy,,97,107,101,127,89,79,7,Alola,
801,Magearna,Acier,Fée,80,95,115,130,115,65,7,Alola,
802,Marshadow,Combat,Spectre,90,125,80,90,90,125,7,Alola,
803,Vémini,Poison,,67,73,67,73,67,73,7,Alola,
804,Mandrillon,Poison,Dragon,73,73,73,127,73,121,7,Alola,Vémini
805,Ama-Ama,Roche,Acier,61,131,211,53,101,13,7,Alola,
806,Pierroteknik,Feu,Spectre,53,127,53,151,79,107,7,Alola,
807,Zeraora,Électrik,,88,112,75,102,80,143,7,Alola,
808,Meltan,Acier,,46,65,65,55,35,34,7,Alola,
809,Melmetal,Acier,,135,143,143,80,65,34,7,Alola,Meltan
810,Ouistempo,Plante,,50,65,50,40,40,65,8,Galar,
811,Badabouin,Plante,,70,85,70,55,60,80,8,Galar,Ouistempo
812,Gorythmic,Plante,,100,125,90,60,70,85,8,Galar,Badabouin
813,Flambino,Feu,,50,71,40,40,40,69,8,Galar,
814,Lapyro,Feu,,65,86,60,55,60,94,8,Galar,Flambino
815,Pyrobut,Feu,,80,116,75,65,75,119,8,Galar,Lapyro
816,Larméléon,Eau,,50,40,40,70,40,70,8,Galar,
817,Arrozard,Eau,,65,60,55,95,55,90,8,Galar,Larméléon
818,Lézargus,Eau,,70,85,65,125,65,120,8,Galar,Arrozard
819,Rongourmand,Normal,,70,55,55,35,35,25,8,Galar,
820,Rongrigou,Normal,,120,95,95,55,75,20,8,Galar,Rongourmand
821,Minisange,Vol,,38,47,35,33,35,57,8,Galar,
822,Bleuseille,Vol,,68,67,55,43,55,77,8,Galar,Minisange
823,Corvaillus,Vol,Acier,98,87,105,53,85,67,8,Galar,Bleuseille
824,Larvadar,Insecte,,25,20,20,25,45,45,8,Galar,
825,Coléodôme,Insecte,Psy,50,35,80,50,90,30,8,Galar,Larvadar
826,Astronelle,Insecte,Psy,60,45,110,80,120,90,8,Galar,Coléodôme
827,Goupilou,Ténèbres,,40,28,28,47,52,50,8,Galar,
828,Roublenard,Ténèbres,,70,58,58,87,92,90,8,Galar,Goupilou
829,Tournicoton,Plante,,40,40,60,40,60,10,8,Galar,
830,Blancoton,Plante,,60,50,90,80,120,60,8,Galar,Tournicoton
831,Moumouton,Normal,,42,40,55,40,45,48,8,Galar,
832,Moumouflon,Normal,,72,80,100,60,90,88,8,Galar,Moumouton
833,Khélocrok,Eau,,50,64,50,38,38,44,8,Galar,
834,Torgamord,Eau,Roche,90,115,90,48,68,74,8,Galar,Khélocrok
835,Voltoutou,Électrik,,59,45,50,40,50,26,8,Galar,
836,Fulgudog,Électrik,,69,90,60,90,60,121,8,Galar,Voltoutou
837,Charbi,Roche,,30,40,50,40,50,30,8,Galar,
838,Wagomine,Roche,Feu,80,60,90,60,70,50,8,Galar,Charbi
839,Monthracite,Roche,Feu,110,80,120,80,90,30,8,Galar,Wagomine
840,Verpom,Plante,Dragon,40,40,80,40,40,20,8,Galar,
841,Pomdrapi,Plante,Dragon,70,110,80,95,60,70,8,Galar,Verpom
842,Dratatin,Plante,Dragon,110,85,80,100,80,30,8,Galar,Verpom
843,Dunaja,Sol,,52,57,75,35,50,46,8,Galar,
844,Dunaconda,Sol,,72,107,125,65,70,71,8,Galar,Dunaja
845,Nigosier,Vol,Eau,70,85,55,85,95,85,8,Galar,
846,Embrochet,Eau,,41,63,40,40,30,66,8,Galar,
847,Hastacuda,Eau,,61,123,60,60,50,136,8,Galar,Embrochet
848,Toxizap,Électrik,Poison,40,38,35,54,35,40,8,Galar,
849,Salarsen,Électrik,Poison,75,98,70,114,70,75,8,Galar,Toxizap
850,Grillepattes,Feu,Insecte,50,65,45,50,50,45,8,Galar,
851,Scolocendre,Feu,Insecte,100,115,65,90,90,65,8,Galar,Grillepattes
852,Poulpaf,Combat,,50,68,60,50,50,32,8,Galar,
853,Krakos,Combat,,80,118,90,70,80,42,8,Galar,Poulpaf
854,Théffroi,Spectre,,40,45,45,74,54,50,8,Galar,
855,Polthégeist,Spectre,,60,65,65,134,114,70,8,Galar,Théffroi
856,Bibichut,Psy,,42,30,45,56,53,39,8,Galar,
857,Chapotus,Psy,,57,40,65,86,73,49,8,Galar,Bibichut
858,Sorcilence,Psy,Fée,57,90,95,136,103,29,8,Galar,Chapotus
859,Grimalin,Ténèbres,Fée,45,45,30,55,40,50,8,Galar,
860,Fourbelin,Ténèbres,Fée,65,60,45,75,55,70,8,Galar,Grimalin
861,Angoliath,Ténèbres,Fée,95,120,65,95,75,60,8,Galar,Fourbelin
862,Ixon,Ténèbres,Normal,93,90,101,60,81,95,8,Galar,Linéon
863,Berserkatt,Acier,,70,110,100,50,60,50,8,Galar,Miaouss
864,Corayôme,Spectre,,60,95,50,145,130,30,8,Galar,Corayon
865,Palarticho,Combat,,62,135,95,68,82,65,8,Galar,Canarticho
866,M. Glaquette,Glace,Psy,80,85,75,110,100,70,8,Galar,M. Mime
867,Tutétékri,Sol,Spectre,58,95,145,50,105,30,8,Galar,Tutafeh
868,Crèmy,Fée,,45,40,40,50,61,34,8,Galar,
869,Charmilly,Fée,,65,60,75,110,121,64,8,Galar,Crèmy
870,Hexadron,Combat,,65,100,100,70,60,75,8,Galar,
871,Wattapik,Électrik,,48,101,95,91,85,15,8,Galar,
872,Frissonille,Glace,Insecte,30,25,35,45,30,20,8,Galar,
873,Beldeneige,Glace,Insecte,70,65,60,125,90,65,8,Galar,Frissonille
874,Dolman,Roche,,100,125,135,20,20,70,8,Galar,
875,Bekaglaçon,Glace,,75,80,110,65,90,50,8,Galar,
876,Wimessir,Psy,Normal,60,65,55,105,95,95,8,Galar,
877,Morpeko,Électrik,Ténèbres,58,95,58,70,58,97,8,Galar,
878,Charibari,Acier,,72,80,49,40,49,40,8,Galar,
879,Pachyradjah,Acier,,122,130,69,80,69,30,8,Galar,Charibari
880,Galvagon,Électrik,Dragon,90,100,90,80,70,75,8,Galar,
881,Galvagla,Électrik,Glace,90,100,90,90,80,55,8,Galar,
882,Hydragon,Eau,Dragon,90,90,100,70,80,75,8,Galar,
883,Hydragla,Eau,Glace,90,90,100,80,90,55,8,Galar,
884,Duralugon,Acier,Dragon,70,95,115,120,50,85,8,Galar,
885,Fantyrm,Dragon,Spectre,28,60,30,40,30,82,8,Galar,
886,Dispareptil,Dragon,Spectre,68,80,50,60,50,102,8,Galar,Fantyrm
887,Lanssorien,Dragon,Spectre,88,120,75,100,75,142,8,Galar,Dispareptil
888,Zacian,Fée,,92,120,115,80,115,138,8,Galar,
889,Zamazenta,Combat,,92,120,115,80,115,138,8,Galar,
890,Éthernatos,Poison,Dragon,140,85,95,145,95,130,8,Galar,
891,Wushours,Combat,,60,90,60,53,50,72,8,Galar,
892,Shifours,Combat,Ténèbres,100,130,100,63,60,97,8,Galar,Wushours
893,Zarude,Ténèbres,Plante,105,120,105,70,95,105,8,Galar,
894,Regieleki,Électrik,,80,100,50,100,50,200,8,Galar,
895,Regidrago,Dragon,,200,100,50,100,50,80,8,Galar,
896,Blizzeval,Glace,,100,145,130,65,110,30,8,Galar,
897,Spectreval,Spectre,,100,65,60,145,80,130,8,Galar,
898,Sylveroy,Psy,Plante,100,80,80,80,80,80,8,Galar,
899,Cerbyllin,Normal,Psy,103,105,72,105,75,65,8,Galar,Cerfrousse
900,Hachécateur,Insecte,Roche,70,135,95,45,70,85,8,Galar,Insécateur
901,Ursaking,Sol,Normal,130,140,105,45,80,50,8,Galar,Ursaring
902,Paragruel,Eau,Spectre,120,112,65,80,75,78,8,Galar,Bargantua
903,Farfurex,Combat,Poison,80,130,60,40,80,120,8,Galar,Farfuret
904,Qwilpik,Ténèbres,Poison,85,115,95,65,65,85,8,Galar,Qwilfish
905,Amovénus,Fée,Vol,74,115,70,135,80,106,8,Galar,
906,Poussacha,Plante,,40,61,54,45,45,65,9,Paldea,
907,Matourgeon,Plante,,61,80,63,60,63,83,9,Paldea,Poussacha
908,Miascarade,Plante,Ténèbres,76,110,70,81,70,123,9,Paldea,Matourgeon
909,Chochodile,Feu,,67,45,59,63,40,36,9,Paldea,
910,Crocogril,Feu,,81,55,78,90,58,49,9,Paldea,Chochodile
911,Flâmigator,Feu,Spectre,104,75,100,110,75,66,9,Paldea,Crocogril
912,Coiffeton,Eau,,55,65,45,50,45,50,9,Paldea,
913,Canarbello,Eau,,70,85,65,65,60,65,9,Paldea,Coiffeton
914,Palmaval,Eau,Combat,85,120,80,85,75,85,9,Paldea,Canarbello
915,Gourmelet,Normal,,54,45,40,35,45,35,9,Paldea,
916,Fragroin,Normal,,110,100,75,59,80,65,9,Paldea,Gourmelet
917,Tissenboule,Insecte,,35,41,45,29,40,20,9,Paldea,
918,Filentrappe,Insecte,,60,79,92,52,86,35,9,Paldea,Tissenboule
919,Lilliterelle,Insecte,,33,46,40,21,25,45,9,Paldea,
920,Gambex,Insecte,Ténèbres,71,102,78,52,55,92,9,Paldea,Lilliterelle
921,Pohm,Électrik,,45,50,20,40,25,60,9,Paldea,
922,Pohmotte,Électrik,Combat,60,75,40,50,40,85,9,Paldea,Pohm
923,Pohmarmotte,Électrik,Combat,70,115,70,70,60,105,9,Paldea,Pohmotte
924,Compagnol,Normal,,50,50,45,40,45,75,9,Paldea,
925,Famignol,Normal,,74,75,70,65,75,111,9,Paldea,Compagnol
926,Pâtachiot,Fée,,37,55,70,30,55,65,9,Paldea,
927,Briochien,Fée,,57,80,115,50,80,95,9,Paldea,Pâtachiot
928,Olivini,Plante,Normal,41,35,45,58,51,30,9,Paldea,
929,Olivado,Plante,Normal,52,53,60,78,78,33,9,Paldea,Olivini
930,Arboliva,Plante,Normal,78,69,90,125,109,39,9,Paldea,Olivado
931,Tapatoès,Normal,Vol,82,96,51,45,51,92,9,Paldea,
932,Selutin,Roche,,55,55,75,35,35,25,9,Paldea,
933,Amassel,Roche,,60,60,100,35,65,35,9,Paldea,Selutin
934,Gigansel,Roche,,100,100,130,45,90,35,9,Paldea,Amassel
935,Charbambin,Feu,,40,50,40,50,40,35,9,Paldea,
936,Carmadura,Feu,Psy,85,60,100,125,80,75,9,Paldea,Charbambin
937,Malvalame,Feu,Spectre,75,125,80,60,100,85,9,Paldea,Charbambin
938,Têtampoule,Électrik,,61,31,41,59,35,45,9,Paldea,
939,Ampibidou,Électrik,,109,64,91,103,83,45,9,Paldea,Têtampoule
940,Zapétrel,Électrik,Vol,40,40,35,55,40,70,9,Paldea,
941,Fulgulairo,Électrik,Vol,70,70,60,105,60,125,9,Paldea,Zapétrel
942,Grondogue,Ténèbres,,60,78,60,40,51,51,9,Paldea,
943,Dogrino,Ténèbres,,80,120,90,60,70,85,9,Paldea,Grondogue
944,Gribouraigne,Poison,Normal,40,65,35,40,35,75,9,Paldea,
945,Tag-Tag,Poison,Normal,63,95,65,80,72,110,9,Paldea,Gribouraigne
946,Virovent,Plante,Spectre,40,65,30,45,35,60,9,Paldea,
947,Virevorreur,Plante,Spectre,55,115,70,80,70,90,9,Paldea,Virovent
948,Terracool,Sol,Plante,40,40,35,50,100,70,9,Paldea,
949,Terracruel,Sol,Plante,80,70,65,80,120,100,9,Paldea,Terracool
950,Craparoi,Roche,,70,100,115,35,55,75,9,Paldea,
951,Pimito,Plante,,50,62,40,62,40,50,9,Paldea,
952,Scovilain,Plante,Feu,65,108,65,108,65,75,9,Paldea,Pimito
953,Léboulérou,Insecte,,41,50,60,31,58,30,9,Paldea,
954,Bérasca,Insecte,Psy,75,50,85,115,100,45,9,Paldea,Léboulérou
955,Flotillon,Psy,,30,35,30,55,30,75,9,Paldea,
956,Cléopsytra,Psy,,95,60,60,101,60,105,9,Paldea,Flotillon
957,Forgerette,Fée,Acier,50,45,45,35,64,58,9,Paldea,
958,Forgella,Fée,Acier,65,55,55,45,82,78,9,Paldea,Forgerette
959,Forgelina,Fée,Acier,85,75,77,70,105,94,9,Paldea,Forgella
960,Taupikeau,Eau,,10,55,25,35,25,95,9,Paldea,
961,Triopikeau,Eau,,35,100,50,50,70,120,9,Paldea,Taupikeau
962,Lestombaile,Vol,Ténèbres,70,103,85,60,85,82,9,Paldea,
963,Dofin,Eau,,70,45,40,45,40,75,9,Paldea,
964,Superdofin,Eau,,100,70,72,53,62,100,9,Paldea,Dofin
965,Vrombi,Acier,Poison,45,70,63,30,45,47,9,Paldea,
966,Vrombotor,Acier,Poison,80,119,90,54,67,90,9,Paldea,Vrombi
967,Motorizard,Dragon,Normal,70,95,65,85,65,121,9,Paldea,
968,Ferdeter,Acier,,70,85,145,60,55,65,9,Paldea,
969,Germéclat,Roche,Poison,48,35,42,105,60,60,9,Paldea,
970,Floréclat,Roche,Poison,83,55,90,130,81,86,9,Paldea,Germéclat
971,Toutombe,Spectre,,50,61,60,30,55,34,9,Paldea,
972,Tomberro,Spectre,,72,101,100,50,97,68,9,Paldea,Toutombe
973,Flamenroule,Vol,Combat,82,115,74,75,64,90,9,Paldea,
974,Piétacé,Glace,,108,68,45,30,40,43,9,Paldea,
975,Balbalèze,Glace,,170,113,65,45,55,73,9,Paldea,Piétacé
976,Délestin,Eau,Psy,90,102,73,78,65,70,9,Paldea,
977,Oyacata,Eau,,150,100,115,65,65,35,9,Paldea,
978,Nigirigon,Dragon,Eau,68,50,60,120,95,82,9,Paldea,
979,Courrousinge,Combat,Spectre,110,115,80,50,90,90,9,Paldea,Colossinge
980,Terraiste,Poison,Sol,130,75,60,45,100,20,9,Paldea,Axoloto
981,Farigiraf,Normal,Psy,120,90,70,110,70,60,9,Paldea,Girafarig
982,Deusolourdo,Normal,,125,100,80,85,75,55,9,Paldea,Insolourdo
983,Scalpereur,Ténèbres,Acier,100,135,120,60,85,50,9,Paldea,Scalproie
984,Fort-Ivoire,Sol,Combat,115,131,131,53,53,87,9,Paldea,
985,Hurle-Queue,Fée,Psy,115,65,99,65,115,111,9,Paldea,
986,Fongus-Furie,Plante,Ténèbres,111,127,99,79,99,55,9,Paldea,
987,Flotte-Mèche,Spectre,Fée,55,55,55,135,135,135,9,Paldea,
988,Rampe-Ailes,Insecte,Combat,85,135,79,85,105,81,9,Paldea,
989,Pelage-Sablé,Électrik,Sol,85,81,97,121,85,101,9,Paldea,
990,Roue-de-Fer,Sol,Acier,90,112,120,72,70,106,9,Paldea,
991,Hotte-de-Fer,Glace,Eau,56,80,114,124,60,136,9,Paldea,
992,Paume-de-Fer,Combat,Électrik,154,140,108,50,68,50,9,Paldea,
993,Têtes-de-Fer,Ténèbres,Vol,94,80,86,122,80,108,9,Paldea,
994,Mite-de-Fer,Feu,Poison,80,70,60,140,110,110,9,Paldea,
995,Épine-de-Fer,Roche,Électrik,100,134,110,70,84,72,9,Paldea,
996,Frigodo,Dragon,Glace,65,75,45,35,45,55,9,Paldea,
997,Cryodo,Dragon,Glace,90,95,66,45,65,62,9,Paldea,Frigodo
998,Glaivodo,Dragon,Glace,115,145,92,75,86,87,9,Paldea,Cryodo
999,Mordudor,Spectre,,45,30,70,75,70,10,9,Paldea,
1000,Gromago,Acier,Spectre,87,60,95,133,91,84,9,Paldea,Mordudor
1001,Chongjian,Ténèbres,Plante,85,85,100,95,135,70,9,Paldea,
1002,Baojian,Ténèbres,Glace,80,120,80,90,65,135,9,Paldea,
1003,Dinglu,Ténèbres,Sol,155,110,125,55,80,45,9,Paldea,
1004,Yuyu,Ténèbres,Feu,55,80,80,135,120,100,9,Paldea,
1005,Rugit-Lune,Dragon,Ténèbres,105,139,71,55,101,119,9,Paldea,
1006,Garde-de-Fer,Fée,Combat,74,130,90,120,60,116,9,Paldea,
1007,Koraidon,Combat,Dragon,100,135,115,85,100,135,9,Paldea,
1008,Miraidon,Électrik,Dragon,100,85,100,135,115,135,9,Paldea,
